username;tweet;fecha;anuncio;ubicacion;id;fecha_sola;sentimiento
Elizabeth789741;alferdez alferdezprensa por favor qxsea a partir del sabafo la cuarentena los q fuimos hoy a trabajar no hemos podido organizarnos;2020-03-19 23:04:48+00:00;Anuncio_1;Buenos Aires, Argentina;1240776263910002691;2020-03-19;
vickyuliyapo;comodice inesazpelicueta que comiencen ya a elaborar remedios genericos asi no nos toma de sorpresa identica respuesta que tuvo el gobierno con la elaboracion del alcohol en gel o barbijos c parte del ministerio de defensa vamosss alberto;2020-03-19 22:57:33+00:00;Anuncio_1;Buenos Aires, Argentina;1240774441266745345;2020-03-19;
RUCHOCASLA;alferdez alferdezprensa a los que enganchan en la ruta yendose de vacaciones metanles una multa de 100 lucas y si se hacen los locos cuarentena presos con los giles mano dura companero abrazo;2020-03-19 20:28:12+00:00;Anuncio_1;Buenos Aires, Argentina;1240736853705318400;2020-03-19;
Populismomata;alferdezprensa porque no hacen que el indek mida el coronavirus asi lo bajan tan facil como ya hicieron con la inflacion;2020-03-19 17:46:55+00:00;Anuncio_1;Buenos Aires, Argentina;1240696267136577538;2020-03-19;
MonicaDamiano3;alferdezprensa chapeau presidente lo saludo como mujer que voto a la comporto como duque;2020-03-19 17:24:15+00:00;Anuncio_1;Buenos Aires, Argentina;1240690563621335051;2020-03-19;
GriseldaLassaga;malisima estrategia de comunicacion alferdezprensa;2020-03-19 09:51:26+00:00;Anuncio_1;Buenos Aires, Argentina;1240576607158505472;2020-03-19;
LMnuncaP;chile tiene 6 laboratorios y lo amplia a 12 la semana que viene nosotros seguimos con 1 el malbran seguramente superamos al dia de hoy los 500 casos con trafico interno que esperan ginesggarcia alferdezprensa;2020-03-19 08:14:24+00:00;Anuncio_1;Buenos Aires, Argentina;1240552185739595776;2020-03-19;
IvanBurgofkrebs;alferdez alferdezprensa denuncio un empleador vivo aqui los choferes no se animan a denunciar por miedo a perder su trabajo pero yo soy pasajero y lo puedo hacer tranquilamente buenjueves cuarentenatotal cierretotal noseasgilquedateencasa coronavirus dia3;2020-03-19 04:48:23+00:00;Anuncio_1;Buenos Aires, Argentina;1240500341411581952;2020-03-19;
Elizabeth789741;alferdez alferdezprensa patobullrich no solo moratoria un tributarista exige otras 9 medidas de alivio impositivo para salvar empresas y empleos durante la pandemia infobae;2020-03-29 17:52:53+00:00;Anuncio_2;Buenos Aires, Argentina;1244321645231321095;2020-03-29;
danielchayau;check out the audio book elven magic on audible;2020-01-09 02:13:53+00:00;Anuncio_2;Buenos Aires, Argentina;1215094309801742336;2020-01-09;
Pamela41935110;hola banco comafi monte grande;2020-03-29 15:08:41+00:00;Anuncio_2;Buenos Aires, Argentina;1244280324567240706;2020-03-29;
Pamela41935110;no es justo otro banco pueda cobra por huella dijital y otro banco no lo hacen;2020-03-29 13:56:34+00:00;Anuncio_2;Buenos Aires, Argentina;1244262176455561216;2020-03-29;
Pamela41935110;no hay repuesta se lava la mano ustdet y el banco anse tambien carajo piensa hacer;2020-03-29 13:55:57+00:00;Anuncio_2;Buenos Aires, Argentina;1244262019525677059;2020-03-29;
Pamela41935110;piensa mataron de hambre no por el virus si no por hacer todo mal no hareglo nada iva ser para los jubilado y pensionados deja a asen no da solucion no es patos lo banco esa huella cobra mira cobra y otro no cobramos carsjo pienses hacer matarno pasando re enoja furiosa;2020-03-29 13:55:13+00:00;Anuncio_2;Buenos Aires, Argentina;1244261834141708288;2020-03-29;
Pamela41935110;una pregunta hasta cuanto va esta esto ya no pode mi mas y los banco no atiende ni por telefono y no abre que sea un rato despues cierra les cuesta pedi mi tarjeta de debito no me la dieron ustde tiene plata yo y mi mama no tenemos plata no voy cobra no tengo tarjeta de debito;2020-03-29 13:52:40+00:00;Anuncio_2;Buenos Aires, Argentina;1244261195818901506;2020-03-29;
luchocremaschi;diganle a federico fernandez que al menos firme el petitorio para ser un poco mas serios;2020-03-29 07:45:44+00:00;Anuncio_2;Buenos Aires, Argentina;1244168853292228610;2020-03-29;
SandraA09996070;alferdezprensa alferdez reclamo profesionales autonomos;2020-03-29 16:19:39+00:00;Anuncio_2;Paraná, Argentina;1244298181917249544;2020-03-29;
Antoo2108181;chee alferdezprensa y aca que pasa y la cuarentena y la policia;2020-04-10 23:03:23+00:00;Anuncio_3;Buenos Aires, Argentina;1248748440324096000;2020-04-10;
MatiasERuiz;dia de sentimientos anticuarentena en su cenit muy a pesar de ello se olfatea una acentuacion de la invectiva confiscatoria oficial sobre esa medida que evalua tomar mr president no lo haga casi un ruego no rompa todo cc alferdez alferdezprensa;2020-04-10 21:13:05+00:00;Anuncio_3;Buenos Aires, Argentina;1248720681975545862;2020-04-10;
adrianad952;alferdez alferdezprensa titere felpudo complice de cfk;2020-04-10 20:49:20+00:00;Anuncio_3;Rosario, Argentina;1248714704861749251;2020-04-10;
adrianad952;alferdez alferdezprensa ginesggarcia nomevanacallar gobiernodeinutiles gobiernocriminal gobiernoasesino culpables todos de los contagios y muertes x coronavirus;2020-04-10 13:23:59+00:00;Anuncio_3;Rosario, Argentina;1248602629430636544;2020-04-10;
RosanaFalabella;horaciorlarreta alferdezprensa alferdez como este tema se extiende hasta el dia de hoy a lo mejor tenga ganas de ayudarme la scjn me manifesto que so quiero denunciar noooo es momento de construir tenemos un gran presidente alferdez;2020-04-25 20:07:17+00:00;Anuncio_4;Buenos Aires, Argentina;1254139943187894272;2020-04-25;
emmariviello;elpeorpresidentedelahistoria es tendencia en twitter sera en parte porque alferdez paso de negociar con el mercosur a negociar con los presos kicillofok santicafiero alferdezprensa felipesola;2020-04-25 17:19:10+00:00;Anuncio_4;Buenos Aires, Argentina;1254097631887884288;2020-04-25;
Ly_Cerv;mauriciomacri siempre demostro su amor por su gente en cientos de maneras asi nosotros con el porque se nos hace imposible olvidar sus 4 anos de gobierno a pesar de todas las abominaciones que le hizo la opo salvaje q soporto estoicamente mauriciomacrielmejor;2020-04-25 14:32:21+00:00;Anuncio_4;Buenos Aires, Argentina;1254055654697906176;2020-04-25;
HBoleggi;alferdez alferdezprensa c5n todonoticias americatv infobaeamerica canal9oficial jonatanviale gcba batransito mindetransporte horaciorlarreta esta es la manera correcta de transportar materiales con sospecha de coronavirus;2020-04-25 13:28:23+00:00;Anuncio_4;Buenos Aires, Argentina;1254039555331756032;2020-04-25;
9020Laura;no se negocia con delincuentes alferdez alferdezprensa;2020-04-25 02:21:44+00:00;Anuncio_4;Buenos Aires, Argentina;1253871788729290753;2020-04-25;
albertoelma;alferdezprensa senor presidente el petroleo en el mas bajo precio del siglo pero la nafta y derivados de hidrocarburos no bajaron pero si nuestros sueldos porque senor;2020-04-25 00:03:53+00:00;Anuncio_4;Buenos Aires, Argentina;1253837095619252225;2020-04-25;
Carolin48120500;alertaescolares sumate y comparti omarperotti alferdez todonoticias alferdezprensa pablojavkin no se olviden de los senores del transporte escolar quienes no resiben ningun tipo de ayuda del estado nacional;2020-04-25 17:48:13+00:00;Anuncio_4;Rosario, Argentina;1254104943629402113;2020-04-25;
adrianad952;alferdez alferdezprensa ginesggarcia verguenza nacional son todos uds un medico del pami ii de rosario hizo una fuerte denuncia estan mandando a morir a la gente radio mitre;2020-04-25 12:51:40+00:00;Anuncio_4;Rosario, Argentina;1254030316236349442;2020-04-25;
lirondelle1984;tenemos gobierno nacional;2020-05-08 04:55:41+00:00;Anuncio_5;Buenos Aires, Argentina;1258621573797380096;2020-05-08;
GladysGaona5;y no se que paso;2020-05-08 04:28:43+00:00;Anuncio_5;Buenos Aires, Argentina;1258614787396767749;2020-05-08;
germanmalparti1;por todos los argentinos varados alrededor del mundo y que quieren volver a casa alferdez alferdezprensa varadosarg varadosi varadosenespana belizgus cancilleriaarg;2020-05-08 03:47:15+00:00;Anuncio_5;Buenos Aires, Argentina;1258604349187645442;2020-05-08;
rodrigosabas80;bien juan gracias por el apoyo abrazo grande hermano;2020-05-23 23:09:11+00:00;Anuncio_6;Buenos Aires, Argentina;1264332578133364736;2020-05-23;
rodrigosabas80;gracias fenomeno gracias por ayudarnos abrazo grande;2020-05-23 22:19:52+00:00;Anuncio_6;Buenos Aires, Argentina;1264320166801952769;2020-05-23;
edith_sga;sin dudas;2020-05-23 21:23:58+00:00;Anuncio_6;Buenos Aires, Argentina;1264306098095501312;2020-05-23;
rodrigosabas80;fvallejoss aleberco dellatorrerulo chiesajuan joseluisramonok alferdezprensa santoroleandro cfkargentina les dejo un twit de una hipotecada muy complicada muchos banco no cumplen la ley pesce que es ta haciendono es un contrato entre privados el uva lo regula el bcra;2020-05-23 16:29:32+00:00;Anuncio_6;Buenos Aires, Argentina;1264232004675084288;2020-05-23;
LaAcuariana78;muchas gracias espero q tambien me lea alferdez alferdezprensa cfkargentina licdanielarroyo magariovero kicillofok mdsnacion;2020-05-23 14:04:08+00:00;Anuncio_6;Buenos Aires, Argentina;1264195412199723008;2020-05-23;
emmariviello;es tendencia numero 1 defaultdealberto saben algo de esto alferdez alferdezprensa kicillofok sergiomassa santicafiero martinmguzman;2020-05-23 01:05:22+00:00;Anuncio_6;Buenos Aires, Argentina;1263999428135997440;2020-05-23;
LaAcuariana78;se lo rechazan y lo necesita muchisimo se encuentra en situacion de calle obvio le dimos un lugar no la dejamos tirada pero el anses cuando atendio en vez de ayudar nos saco de encima alferdez alferdezprensa ansesgob licdanielarroyo;2020-05-23 00:35:27+00:00;Anuncio_6;Buenos Aires, Argentina;1263991899431542785;2020-05-23;
ClaradeGoycoech;alferdezprensa alferdez cfkargentina sigo con mis anteriores soy jub una y este gob canalla nos quito de nuevo eso si entre gallos y medianoche hemos aportado el 18 los bancarios para lograr el 82 y nos han robadoque no sea igual en nacion;2020-05-23 16:26:35+00:00;Anuncio_6;Cordoba, Argentina;1264231260068683778;2020-05-23;
ClaradeGoycoech;alferdez alferdezprensa u cfkargentina ayuda para los rocca clarin y otros grandes los jubilados tenemos que morir como pensaba lagard estan faltando a sus promesas en las que creimos desde el 2003 no defraudarnos mas alberto y cris los queremos pero no damos mas;2020-05-23 16:21:36+00:00;Anuncio_6;Cordoba, Argentina;1264230006236090370;2020-05-23;
ClaradeGoycoech;alferdez alferdezprensa cfkargentina me parece senor presidente y sr a vice presidenta que es cruel insospechado y faltan a la promesa que nos hicieron mi marido cobra la minima no permitan se nos caigan nuestros queridos mandatarios soy jub de pica de cbay es ig;2020-05-23 16:17:07+00:00;Anuncio_6;Cordoba, Argentina;1264228878454870016;2020-05-23;
gallinCpL2018;alferdezprensa si ustd no la quiere entender junto con los banqueros y con la gente de la oposicion de dar dinero dinero a la gente real se les esta acabando la plata este aislamiento fracasara ustedes se haciendo bien los boludos;2020-06-04 23:49:06+00:00;Anuncio_7;Buenos Aires, Argentina;1268691279094919170;2020-06-04;
Marianikeb;el pro siempre jugando politicamentedan asco no entienden que son ellos los que dejaron el pais economicamente arrasado ahora se preocupan por la economia cerraron 25000 pymes;2020-06-04 23:26:49+00:00;Anuncio_7;Buenos Aires, Argentina;1268685671134306312;2020-06-04;
soniaTsanchez;se agranda el universo prostituyente mingenerosar alferdez alferdezprensa inadi;2020-06-04 22:54:13+00:00;Anuncio_7;Buenos Aires, Argentina;1268677464441708546;2020-06-04;
rodrigosabas80;el estado tiene si tiene que ver infeliz y el bcra regulando el uva tambien hay mucha gente que lo saco por que eran los unicos creditos habia tanto prendarios personales y e hipotecarios lo que sease mal hay que corregirlos como dijo alferdez alferdezprensa;2020-06-04 17:21:02+00:00;Anuncio_7;Buenos Aires, Argentina;1268593618765438981;2020-06-04;
Raquelgara1Raqu;dra debo ser extraterrestre no tengo fastidio no depre ni nada es mas manana voy a la guardia del durand no pueden negarse a revisar mi brazo el yeso lastimo mis dedos no entiendo xq tanto fastidio de psrte de los k tenemos techo y alimento;2020-06-04 15:05:27+00:00;Anuncio_7;Buenos Aires, Argentina;1268559497867468800;2020-06-04;
